{
  "drive": {
    "p": 2.4603E-09,
    "i": 0,
    "d": 0.0,
    "f": 0,
    "iz": 0
  },
  "angle": {
    "p": 0.068467,
    "i": 0,
    "d": 0.13251,
    "f": 0,
    "iz": 0
  }

}